<?xml version="1.0" encoding="UTF-8"?>
<project-private xmlns="http://www.netbeans.org/ns/project-private/1">
    <editor-bookmarks xmlns="http://www.netbeans.org/ns/editor-bookmarks/2" lastBookmarkId="0"/>
    <open-files xmlns="http://www.netbeans.org/ns/projectui-open-files/2">
        <group>
            <file>file:/C:/Users/Rutvay/Desktop/hotelmanager/src/hotelmanager/200179798.jpg</file>
            <file>file:/C:/Users/Rutvay/Desktop/hotelmanager/src/hotelmanager/tajamahal-welcome.jpg</file>
            <file>file:/C:/Users/Rutvay/Desktop/hotelmanager/src/hotelmanager/add.java</file>
            <file>file:/C:/Users/Rutvay/Desktop/hotelmanager/src/hotelmanager/Welcome.java</file>
            <file>file:/C:/Users/Rutvay/Desktop/hotelmanager/src/hotelmanager/login.java</file>
            <file>file:/C:/Users/Rutvay/Desktop/hotelmanager/src/hotelmanager/Hotelmanager.java</file>
            <file>file:/C:/Users/Rutvay/Desktop/hotelmanager/src/hotelmanager/modify.java</file>
            <file>file:/C:/Users/Rutvay/Desktop/hotelmanager/src/hotelmanager/tajmahal-add.jpg</file>
            <file>file:/C:/Users/Rutvay/Desktop/hotelmanager/src/hotelmanager/tajmahal-delete.jpg</file>
            <file>file:/C:/Users/Rutvay/Desktop/hotelmanager/src/hotelmanager/Pyament.java</file>
        </group>
    </open-files>
</project-private>
